,County,County Code,Deaths,Population
0,"Autauga County, AL",1001.0,32.0,2181.0
1,"Baldwin County, AL",1003.0,69.0,4811.0
2,"Barbour County, AL",1005.0,37.0,3123.0
3,"Bibb County, AL",1007.0,19.0,1075.0
4,"Bullock County, AL",1011.0,24.0,1916.0
5,"Butler County, AL",1013.0,30.0,2446.0
6,"Calhoun County, AL",1015.0,91.0,6411.0
7,"Chambers County, AL",1017.0,31.0,3307.0
8,"Chilton County, AL",1021.0,20.0,1308.0
9,"Choctaw County, AL",1023.0,12.0,1323.0
10,"Clarke County, AL",1025.0,37.0,2981.0
11,"Clay County, AL",1027.0,11.0,571.0
12,"Coffee County, AL",1031.0,29.0,2404.0
13,"Colbert County, AL",1033.0,34.0,2063.0
14,"Conecuh County, AL",1035.0,23.0,1637.0
15,"Coosa County, AL",1037.0,17.0,666.0
16,"Covington County, AL",1039.0,18.0,1365.0
17,"Dale County, AL",1045.0,34.0,2934.0
18,"Dallas County, AL",1047.0,80.0,8933.0
19,"Elmore County, AL",1051.0,50.0,3784.0
20,"Escambia County, AL",1053.0,43.0,3052.0
21,"Etowah County, AL",1055.0,60.0,4276.0
22,"Greene County, AL",1063.0,21.0,1904.0
23,"Hale County, AL",1065.0,26.0,2521.0
24,"Houston County, AL",1069.0,91.0,7774.0
25,"Jefferson County, AL",1073.0,1287.0,75362.0
26,"Lauderdale County, AL",1077.0,33.0,2379.0
27,"Lee County, AL",1081.0,103.0,8234.0
28,"Limestone County, AL",1083.0,21.0,2166.0
29,"Lowndes County, AL",1085.0,27.0,2336.0
30,"Macon County, AL",1087.0,51.0,3368.0
31,"Madison County, AL",1089.0,278.0,20637.0
32,"Marengo County, AL",1091.0,40.0,2530.0
33,"Mobile County, AL",1097.0,580.0,42708.0
34,"Monroe County, AL",1099.0,27.0,2605.0
35,"Montgomery County, AL",1101.0,453.0,34659.0
36,"Morgan County, AL",1103.0,55.0,3948.0
37,"Perry County, AL",1105.0,29.0,2143.0
38,"Pickens County, AL",1107.0,39.0,2205.0
39,"Pike County, AL",1109.0,43.0,3009.0
40,"Randolph County, AL",1111.0,12.0,1349.0
41,"Russell County, AL",1113.0,79.0,5696.0
42,"St. Clair County, AL",1115.0,19.0,1422.0
43,"Shelby County, AL",1117.0,62.0,4520.0
44,"Sumter County, AL",1119.0,51.0,2374.0
45,"Talladega County, AL",1121.0,95.0,6198.0
46,"Tallapoosa County, AL",1123.0,42.0,3031.0
47,"Tuscaloosa County, AL",1125.0,309.0,14982.0
48,"Walker County, AL",1127.0,23.0,1194.0
49,"Washington County, AL",1129.0,16.0,871.0
50,"Wilcox County, AL",1131.0,28.0,2449.0
51,"Anchorage Borough, AK",2020.0,51.0,8412.0
52,"Fairbanks North Star Borough, AK",2090.0,20.0,2529.0
53,"Cochise County, AZ",4003.0,20.0,2208.0
54,"Maricopa County, AZ",4013.0,813.0,73697.0
55,"Pima County, AZ",4019.0,134.0,14483.0
56,"Pinal County, AZ",4021.0,40.0,4242.0
57,"Yuma County, AZ",4027.0,13.0,1745.0
58,"Arkansas County, AR",5001.0,12.0,1386.0
59,"Ashley County, AR",5003.0,15.0,1483.0
60,"Benton County, AR",5007.0,11.0,1208.0
61,"Bradley County, AR",5011.0,15.0,903.0
62,"Chicot County, AR",5017.0,16.0,1840.0
63,"Columbia County, AR",5027.0,25.0,2352.0
64,"Craighead County, AR",5031.0,65.0,4715.0
65,"Crittenden County, AR",5035.0,166.0,9010.0
66,"Cross County, AR",5037.0,21.0,1194.0
67,"Dallas County, AR",5039.0,10.0,903.0
68,"Desha County, AR",5041.0,20.0,2034.0
69,"Drew County, AR",5043.0,25.0,1531.0
70,"Faulkner County, AR",5045.0,48.0,3335.0
71,"Garland County, AR",5051.0,35.0,2521.0
72,"Hempstead County, AR",5057.0,24.0,2041.0
73,"Jackson County, AR",5067.0,10.0,837.0
74,"Jefferson County, AR",5069.0,136.0,12345.0
75,"Lee County, AR",5077.0,16.0,1465.0
76,"Lonoke County, AR",5085.0,18.0,1160.0
77,"Miller County, AR",5091.0,38.0,3328.0
78,"Mississippi County, AR",5093.0,70.0,5667.0
79,"Monroe County, AR",5095.0,11.0,1034.0
80,"Ouachita County, AR",5103.0,28.0,2800.0
81,"Phillips County, AR",5107.0,53.0,4882.0
82,"Pulaski County, AR",5119.0,569.0,40263.0
83,"St. Francis County, AR",5123.0,43.0,4503.0
84,"Saline County, AR",5125.0,11.0,1272.0
85,"Sebastian County, AR",5131.0,27.0,3195.0
86,"Union County, AR",5139.0,55.0,4033.0
87,"Washington County, AR",5143.0,33.0,2478.0
88,"White County, AR",5145.0,15.0,1144.0
89,"Alameda County, CA",6001.0,479.0,51024.0
90,"Butte County, CA",6007.0,17.0,1590.0
91,"Contra Costa County, CA",6013.0,239.0,26956.0
92,"Fresno County, CA",6019.0,275.0,20270.0
93,"Kern County, CA",6029.0,219.0,18483.0
94,"Kings County, CA",6031.0,26.0,3058.0
95,"Los Angeles County, CA",6037.0,2325.0,235334.0
96,"Marin County, CA",6041.0,12.0,1383.0
97,"Merced County, CA",6047.0,32.0,3494.0
98,"Monterey County, CA",6053.0,20.0,3730.0
99,"Orange County, CA",6059.0,116.0,17004.0
100,"Placer County, CA",6061.0,12.0,1449.0
101,"Riverside County, CA",6065.0,355.0,40729.0
102,"Sacramento County, CA",6067.0,531.0,52464.0
103,"San Bernardino County, CA",6071.0,783.0,62045.0
104,"San Diego County, CA",6073.0,550.0,59387.0
105,"San Francisco County, CA",6075.0,126.0,11785.0
106,"San Joaquin County, CA",6077.0,232.0,18949.0
107,"San Mateo County, CA",6081.0,37.0,6222.0
108,"Santa Barbara County, CA",6083.0,19.0,2656.0
109,"Santa Clara County, CA",6085.0,103.0,14893.0
110,"Shasta County, CA",6089.0,12.0,1074.0
111,"Solano County, CA",6095.0,159.0,17661.0
112,"Sonoma County, CA",6097.0,21.0,3017.0
113,"Stanislaus County, CA",6099.0,72.0,5995.0
114,"Tulare County, CA",6107.0,21.0,3526.0
115,"Ventura County, CA",6111.0,40.0,4908.0
116,"Yolo County, CA",6113.0,12.0,1623.0
117,"Yuba County, CA",6115.0,16.0,1201.0
118,"Adams County, CO",8001.0,58.0,5990.0
119,"Arapahoe County, CO",8005.0,225.0,19724.0
120,"Denver County, CO",8031.0,296.0,20668.0
121,"Douglas County, CO",8035.0,12.0,1096.0
122,"El Paso County, CO",8041.0,201.0,17171.0
123,"Jefferson County, CO",8059.0,20.0,2597.0
124,"Fairfield County, CT",9001.0,296.0,29146.0
125,"Hartford County, CT",9003.0,417.0,34772.0
126,"Middlesex County, CT",9007.0,23.0,2227.0
127,"New Haven County, CT",9009.0,363.0,33410.0
128,"New London County, CT",9011.0,58.0,5760.0
129,"Kent County, DE",10001.0,126.0,11116.0
130,"New Castle County, DE",10003.0,553.0,35383.0
131,"Sussex County, DE",10005.0,111.0,8629.0
132,"District of Columbia, DC",11001.0,1279.0,84086.0
133,"Alachua County, FL",12001.0,245.0,16296.0
134,"Bay County, FL",12005.0,101.0,6401.0
135,"Bradford County, FL",12007.0,18.0,1305.0
136,"Brevard County, FL",12009.0,176.0,15803.0
137,"Broward County, FL",12011.0,1397.0,147564.0
138,"Charlotte County, FL",12015.0,20.0,1872.0
139,"Citrus County, FL",12017.0,12.0,1129.0
140,"Clay County, FL",12019.0,48.0,4818.0
141,"Collier County, FL",12021.0,81.0,8142.0
142,"Columbia County, FL",12023.0,44.0,3144.0
143,"DeSoto County, FL",12027.0,13.0,952.0
144,"Duval County, FL",12031.0,1220.0,81884.0
145,"Escambia County, FL",12033.0,344.0,22611.0
146,"Flagler County, FL",12035.0,19.0,1995.0
147,"Gadsden County, FL",12039.0,111.0,7082.0
148,"Hamilton County, FL",12047.0,17.0,1045.0
149,"Hendry County, FL",12051.0,19.0,1605.0
150,"Hernando County, FL",12053.0,33.0,2489.0
151,"Highlands County, FL",12055.0,45.0,3165.0
152,"Hillsborough County, FL",12057.0,1016.0,66215.0
153,"Indian River County, FL",12061.0,62.0,4129.0
154,"Jackson County, FL",12063.0,34.0,2732.0
155,"Jefferson County, FL",12065.0,20.0,1238.0
156,"Lake County, FL",12069.0,97.0,8421.0
157,"Lee County, FL",12071.0,231.0,17596.0
158,"Leon County, FL",12073.0,303.0,22167.0
159,"Levy County, FL",12075.0,13.0,1136.0
160,"Madison County, FL",12079.0,28.0,1941.0
161,"Manatee County, FL",12081.0,137.0,10994.0
162,"Marion County, FL",12083.0,180.0,12652.0
163,"Martin County, FL",12085.0,39.0,2508.0
164,"Miami-Dade County, FL",12086.0,1465.0,141918.0
165,"Monroe County, FL",12087.0,13.0,1500.0
166,"Nassau County, FL",12089.0,15.0,1015.0
167,"Okaloosa County, FL",12091.0,89.0,6451.0
168,"Okeechobee County, FL",12093.0,14.0,753.0
169,"Orange County, FL",12095.0,1005.0,80624.0
170,"Osceola County, FL",12097.0,91.0,9592.0
171,"Palm Beach County, FL",12099.0,760.0,75882.0
172,"Pasco County, FL",12101.0,42.0,5998.0
173,"Pinellas County, FL",12103.0,462.0,31223.0
174,"Polk County, FL",12105.0,390.0,28338.0
175,"Putnam County, FL",12107.0,60.0,3940.0
176,"St. Johns County, FL",12109.0,29.0,2925.0
177,"St. Lucie County, FL",12111.0,160.0,15067.0
178,"Santa Rosa County, FL",12113.0,20.0,1976.0
179,"Sarasota County, FL",12115.0,51.0,5765.0
180,"Seminole County, FL",12117.0,187.0,13699.0
181,"Sumter County, FL",12119.0,17.0,1627.0
182,"Suwannee County, FL",12121.0,19.0,1403.0
183,"Taylor County, FL",12123.0,13.0,1089.0
184,"Volusia County, FL",12127.0,172.0,15535.0
185,"Wakulla County, FL",12129.0,10.0,674.0
186,"Walton County, FL",12131.0,10.0,890.0
187,"Washington County, FL",12133.0,12.0,823.0
188,"Appling County, GA",13001.0,18.0,1087.0
189,"Baldwin County, GA",13009.0,69.0,4834.0
190,"Barrow County, GA",13013.0,20.0,2089.0
191,"Bartow County, GA",13015.0,39.0,2663.0
192,"Ben Hill County, GA",13017.0,26.0,1970.0
193,"Berrien County, GA",13019.0,15.0,722.0
194,"Bibb County, GA",13021.0,458.0,25532.0
195,"Bleckley County, GA",13023.0,18.0,800.0
196,"Brooks County, GA",13027.0,20.0,1892.0
197,"Bryan County, GA",13029.0,10.0,1330.0
198,"Bulloch County, GA",13031.0,75.0,5361.0
199,"Burke County, GA",13033.0,45.0,3866.0
200,"Butts County, GA",13035.0,22.0,1345.0
201,"Camden County, GA",13039.0,32.0,3057.0
202,"Candler County, GA",13043.0,14.0,745.0
203,"Carroll County, GA",13045.0,55.0,5302.0
204,"Charlton County, GA",13049.0,11.0,691.0
205,"Chatham County, GA",13051.0,428.0,31155.0
206,"Cherokee County, GA",13057.0,42.0,3173.0
207,"Clarke County, GA",13059.0,110.0,9117.0
208,"Clay County, GA",13061.0,10.0,503.0
209,"Clayton County, GA",13063.0,484.0,51099.0
210,"Clinch County, GA",13065.0,11.0,854.0
211,"Cobb County, GA",13067.0,531.0,49293.0
212,"Coffee County, GA",13069.0,50.0,3426.0
213,"Colquitt County, GA",13071.0,56.0,3740.0
214,"Columbia County, GA",13073.0,67.0,4323.0
215,"Cook County, GA",13075.0,29.0,1379.0
216,"Coweta County, GA",13077.0,43.0,5831.0
217,"Crisp County, GA",13081.0,60.0,3458.0
218,"Decatur County, GA",13087.0,35.0,3384.0
219,"DeKalb County, GA",13089.0,1192.0,105185.0
220,"Dodge County, GA",13091.0,22.0,1439.0
221,"Dooly County, GA",13093.0,23.0,1524.0
222,"Dougherty County, GA",13095.0,273.0,18286.0
223,"Douglas County, GA",13097.0,111.0,12170.0
224,"Early County, GA",13099.0,29.0,1745.0
225,"Effingham County, GA",13103.0,34.0,1925.0
226,"Elbert County, GA",13105.0,11.0,1700.0
227,"Emanuel County, GA",13107.0,39.0,2531.0
228,"Evans County, GA",13109.0,12.0,1041.0
229,"Fayette County, GA",13113.0,20.0,3124.0
230,"Floyd County, GA",13115.0,69.0,4435.0
231,"Forsyth County, GA",13117.0,11.0,1136.0
232,"Fulton County, GA",13121.0,1317.0,113578.0
233,"Glynn County, GA",13127.0,94.0,6495.0
234,"Grady County, GA",13131.0,29.0,2242.0
235,"Greene County, GA",13133.0,22.0,1734.0
236,"Gwinnett County, GA",13135.0,538.0,51236.0
237,"Hall County, GA",13139.0,57.0,3670.0
238,"Hancock County, GA",13141.0,22.0,1435.0
239,"Harris County, GA",13145.0,10.0,1018.0
240,"Henry County, GA",13151.0,158.0,15015.0
241,"Houston County, GA",13153.0,143.0,11177.0
242,"Irwin County, GA",13155.0,15.0,761.0
243,"Jackson County, GA",13157.0,15.0,1066.0
244,"Jasper County, GA",13159.0,13.0,850.0
245,"Jeff Davis County, GA",13161.0,23.0,654.0
246,"Jefferson County, GA",13163.0,41.0,2731.0
247,"Jenkins County, GA",13165.0,16.0,1063.0
248,"Jones County, GA",13169.0,19.0,1344.0
249,"Lamar County, GA",13171.0,15.0,1242.0
250,"Laurens County, GA",13175.0,65.0,5003.0
251,"Lee County, GA",13177.0,18.0,1224.0
252,"Liberty County, GA",13179.0,134.0,10678.0
253,"Long County, GA",13183.0,15.0,1114.0
254,"Lowndes County, GA",13185.0,225.0,11635.0
255,"McDuffie County, GA",13189.0,45.0,2738.0
256,"McIntosh County, GA",13191.0,14.0,1074.0
257,"Macon County, GA",13193.0,22.0,1834.0
258,"Marion County, GA",13197.0,12.0,652.0
259,"Meriwether County, GA",13199.0,22.0,2372.0
260,"Mitchell County, GA",13205.0,40.0,3343.0
261,"Monroe County, GA",13207.0,24.0,1367.0
262,"Muscogee County, GA",13215.0,516.0,27512.0
263,"Newton County, GA",13217.0,84.0,8794.0
264,"Paulding County, GA",13223.0,45.0,5077.0
265,"Peach County, GA",13225.0,44.0,2536.0
266,"Polk County, GA",13233.0,18.0,1597.0
267,"Putnam County, GA",13237.0,24.0,1588.0
268,"Randolph County, GA",13243.0,18.0,1153.0
269,"Richmond County, GA",13245.0,481.0,32884.0
270,"Rockdale County, GA",13247.0,93.0,8625.0
271,"Screven County, GA",13251.0,27.0,1664.0
272,"Seminole County, GA",13253.0,11.0,826.0
273,"Spalding County, GA",13255.0,92.0,6457.0
274,"Stewart County, GA",13259.0,13.0,680.0
275,"Sumter County, GA",13261.0,51.0,4943.0
276,"Talbot County, GA",13263.0,12.0,909.0
277,"Tattnall County, GA",13267.0,18.0,1336.0
278,"Telfair County, GA",13271.0,14.0,1291.0
279,"Terrell County, GA",13273.0,28.0,1903.0
280,"Thomas County, GA",13275.0,73.0,4538.0
281,"Tift County, GA",13277.0,50.0,3723.0
282,"Toombs County, GA",13279.0,33.0,2413.0
283,"Troup County, GA",13285.0,79.0,6619.0
284,"Turner County, GA",13287.0,13.0,1191.0
285,"Twiggs County, GA",13289.0,13.0,885.0
286,"Upson County, GA",13293.0,22.0,2073.0
287,"Walton County, GA",13297.0,44.0,3492.0
288,"Ware County, GA",13299.0,38.0,3324.0
289,"Warren County, GA",13301.0,14.0,947.0
290,"Washington County, GA",13303.0,29.0,2780.0
291,"Wayne County, GA",13305.0,26.0,1736.0
292,"Whitfield County, GA",13313.0,10.0,1469.0
293,"Wilcox County, GA",13315.0,15.0,563.0
294,"Wilkes County, GA",13317.0,17.0,1116.0
295,"Wilkinson County, GA",13319.0,14.0,969.0
296,"Worth County, GA",13321.0,15.0,1965.0
297,"Honolulu County, HI",15003.0,134.0,12123.0
298,"Ada County, ID",16001.0,11.0,2274.0
299,"Alexander County, IL",17003.0,13.0,1228.0
300,"Champaign County, IL",17019.0,146.0,8966.0
301,"Coles County, IL",17029.0,12.0,699.0
302,"Cook County, IL",17031.0,5503.0,352794.0
303,"DeKalb County, IL",17037.0,23.0,2037.0
304,"DuPage County, IL",17043.0,142.0,11578.0
305,"Jackson County, IL",17077.0,37.0,2645.0
306,"Jefferson County, IL",17081.0,12.0,1241.0
307,"Kane County, IL",17089.0,141.0,10478.0
308,"Kankakee County, IL",17091.0,99.0,5962.0
309,"Kendall County, IL",17093.0,10.0,1299.0
310,"Knox County, IL",17095.0,17.0,1437.0
311,"Lake County, IL",17097.0,157.0,15239.0
312,"LaSalle County, IL",17099.0,12.0,821.0
313,"McHenry County, IL",17111.0,12.0,1252.0
314,"McLean County, IL",17113.0,62.0,4466.0
315,"Macon County, IL",17115.0,111.0,7238.0
316,"Madison County, IL",17119.0,124.0,7476.0
317,"Marion County, IL",17121.0,13.0,908.0
318,"Peoria County, IL",17143.0,225.0,14378.0
319,"Rock Island County, IL",17161.0,74.0,6021.0
320,"St. Clair County, IL",17163.0,333.0,24849.0
321,"Sangamon County, IL",17167.0,150.0,9065.0
322,"Stephenson County, IL",17177.0,21.0,1852.0
323,"Vermilion County, IL",17183.0,61.0,4533.0
324,"Will County, IL",17197.0,259.0,19112.0
325,"Williamson County, IL",17199.0,10.0,962.0
326,"Winnebago County, IL",17201.0,195.0,13881.0
327,"Allen County, IN",18003.0,269.0,16978.0
328,"Bartholomew County, IN",18005.0,11.0,727.0
329,"Clark County, IN",18019.0,25.0,2795.0
330,"Delaware County, IN",18035.0,52.0,3093.0
331,"Elkhart County, IN",18039.0,76.0,5490.0
332,"Floyd County, IN",18043.0,10.0,1694.0
333,"Grant County, IN",18053.0,21.0,2094.0
334,"Hamilton County, IN",18057.0,21.0,2505.0
335,"Howard County, IN",18067.0,21.0,2352.0
336,"Lake County, IN",18089.0,559.0,39928.0
337,"La Porte County, IN",18091.0,57.0,4127.0
338,"Madison County, IN",18095.0,44.0,3175.0
339,"Marion County, IN",18097.0,1139.0,79262.0
340,"Porter County, IN",18127.0,17.0,1552.0
341,"St. Joseph County, IN",18141.0,234.0,13937.0
342,"Tippecanoe County, IN",18157.0,33.0,3059.0
343,"Vanderburgh County, IN",18163.0,65.0,6700.0
344,"Vigo County, IN",18167.0,23.0,2243.0
345,"Wayne County, IN",18177.0,24.0,1466.0
346,"Black Hawk County, IA",19013.0,52.0,5332.0
347,"Clinton County, IA",19045.0,13.0,802.0
348,"Des Moines County, IA",19057.0,11.0,1251.0
349,"Dubuque County, IA",19061.0,11.0,1384.0
350,"Johnson County, IA",19103.0,19.0,2847.0
351,"Linn County, IA",19113.0,45.0,4459.0
352,"Polk County, IA",19153.0,134.0,12933.0
353,"Scott County, IA",19163.0,81.0,6178.0
354,"Geary County, KS",20061.0,41.0,3220.0
355,"Johnson County, KS",20091.0,82.0,8090.0
356,"Leavenworth County, KS",20103.0,23.0,1820.0
357,"Riley County, KS",20161.0,12.0,2276.0
358,"Saline County, KS",20169.0,13.0,1050.0
359,"Sedgwick County, KS",20173.0,296.0,19893.0
360,"Shawnee County, KS",20177.0,80.0,6590.0
361,"Wyandotte County, KS",20209.0,200.0,14107.0
362,"Boone County, KY",21015.0,10.0,1235.0
363,"Christian County, KY",21047.0,83.0,6615.0
364,"Daviess County, KY",21059.0,25.0,1772.0
365,"Fayette County, KY",21067.0,135.0,12980.0
366,"Franklin County, KY",21073.0,11.0,1433.0
367,"Hardin County, KY",21093.0,48.0,4155.0
368,"Henderson County, KY",21101.0,16.0,1128.0
369,"Jefferson County, KY",21111.0,546.0,49251.0
370,"Kenton County, KY",21117.0,58.0,3278.0
371,"McCracken County, KY",21145.0,26.0,2463.0
372,"Warren County, KY",21227.0,34.0,3011.0
373,"Acadia Parish, LA",22001.0,53.0,3861.0
374,"Allen Parish, LA",22003.0,10.0,1304.0
375,"Ascension Parish, LA",22005.0,87.0,6840.0
376,"Assumption Parish, LA",22007.0,33.0,1859.0
377,"Avoyelles Parish, LA",22009.0,48.0,3719.0
378,"Beauregard Parish, LA",22011.0,12.0,1264.0
379,"Bienville Parish, LA",22013.0,20.0,1381.0
380,"Bossier Parish, LA",22015.0,107.0,7499.0
381,"Caddo Parish, LA",22017.0,685.0,36649.0
382,"Calcasieu Parish, LA",22019.0,217.0,15226.0
383,"Claiborne Parish, LA",22027.0,37.0,1893.0
384,"Concordia Parish, LA",22029.0,37.0,2410.0
385,"De Soto Parish, LA",22031.0,50.0,3085.0
386,"East Baton Rouge Parish, LA",22033.0,902.0,58260.0
387,"East Carroll Parish, LA",22035.0,31.0,1758.0
388,"East Feliciana Parish, LA",22037.0,26.0,1948.0
389,"Evangeline Parish, LA",22039.0,38.0,3177.0
390,"Franklin Parish, LA",22041.0,36.0,2476.0
391,"Iberia Parish, LA",22045.0,107.0,8373.0
392,"Iberville Parish, LA",22047.0,37.0,4230.0
393,"Jackson Parish, LA",22049.0,12.0,1159.0
394,"Jefferson Parish, LA",22051.0,448.0,35926.0
395,"Jefferson Davis Parish, LA",22053.0,25.0,1683.0
396,"Lafayette Parish, LA",22055.0,252.0,18098.0
397,"Lafourche Parish, LA",22057.0,66.0,4519.0
398,"Lincoln Parish, LA",22061.0,49.0,4620.0
399,"Livingston Parish, LA",22063.0,31.0,1938.0
400,"Madison Parish, LA",22065.0,33.0,2443.0
401,"Morehouse Parish, LA",22067.0,56.0,4087.0
402,"Natchitoches Parish, LA",22069.0,73.0,4878.0
403,"Orleans Parish, LA",22071.0,746.0,69622.0
404,"Ouachita Parish, LA",22073.0,272.0,18615.0
405,"Plaquemines Parish, LA",22075.0,12.0,1578.0
406,"Pointe Coupee Parish, LA",22077.0,43.0,2467.0
407,"Rapides Parish, LA",22079.0,185.0,13023.0
408,"Red River Parish, LA",22081.0,18.0,1258.0
409,"Richland Parish, LA",22083.0,42.0,2286.0
410,"Sabine Parish, LA",22085.0,14.0,1373.0
411,"St. Bernard Parish, LA",22087.0,28.0,2306.0
412,"St. Charles Parish, LA",22089.0,38.0,4001.0
413,"St. Helena Parish, LA",22091.0,18.0,1583.0
414,"St. James Parish, LA",22093.0,37.0,2924.0
415,"St. John the Baptist Parish, LA",22095.0,78.0,6633.0
416,"St. Landry Parish, LA",22097.0,155.0,11787.0
417,"St. Martin Parish, LA",22099.0,81.0,5128.0
418,"St. Mary Parish, LA",22101.0,51.0,5432.0
419,"St. Tammany Parish, LA",22103.0,98.0,7206.0
420,"Tangipahoa Parish, LA",22105.0,165.0,12285.0
421,"Tensas Parish, LA",22107.0,10.0,948.0
422,"Terrebonne Parish, LA",22109.0,112.0,6876.0
423,"Union Parish, LA",22111.0,18.0,1745.0
424,"Vermilion Parish, LA",22113.0,43.0,3197.0
425,"Vernon Parish, LA",22115.0,36.0,3751.0
426,"Washington Parish, LA",22117.0,55.0,4027.0
427,"Webster Parish, LA",22119.0,45.0,3633.0
428,"West Baton Rouge Parish, LA",22121.0,32.0,2373.0
429,"West Feliciana Parish, LA",22125.0,12.0,994.0
430,"Winn Parish, LA",22127.0,19.0,1174.0
431,"Androscoggin County, ME",23001.0,13.0,2069.0
432,"Cumberland County, ME",23005.0,29.0,4079.0
433,"Anne Arundel County, MD",24003.0,302.0,22188.0
434,"Baltimore County, MD",24005.0,639.0,54617.0
435,"Calvert County, MD",24009.0,23.0,2493.0
436,"Caroline County, MD",24011.0,23.0,1307.0
437,"Carroll County, MD",24013.0,15.0,1136.0
438,"Cecil County, MD",24015.0,20.0,1716.0
439,"Charles County, MD",24017.0,140.0,14113.0
440,"Dorchester County, MD",24019.0,42.0,2630.0
441,"Frederick County, MD",24021.0,57.0,6012.0
442,"Harford County, MD",24025.0,82.0,8372.0
443,"Howard County, MD",24027.0,122.0,12565.0
444,"Kent County, MD",24029.0,14.0,796.0
445,"Montgomery County, MD",24031.0,497.0,54262.0
446,"Prince George's County, MD",24033.0,1719.0,147951.0
447,"Queen Anne's County, MD",24035.0,10.0,849.0
448,"St. Mary's County, MD",24037.0,64.0,4214.0
449,"Somerset County, MD",24039.0,30.0,1847.0
450,"Talbot County, MD",24041.0,15.0,1052.0
451,"Washington County, MD",24043.0,45.0,4104.0
452,"Wicomico County, MD",24045.0,117.0,7531.0
453,"Worcester County, MD",24047.0,32.0,1923.0
454,"Baltimore city, MD",24510.0,1615.0,107284.0
455,"Barnstable County, MA",25001.0,24.0,1957.0
456,"Berkshire County, MA",25003.0,15.0,1560.0
457,"Bristol County, MA",25005.0,73.0,9613.0
458,"Essex County, MA",25009.0,78.0,21191.0
459,"Hampden County, MA",25013.0,133.0,14497.0
460,"Middlesex County, MA",25017.0,164.0,23390.0
461,"Norfolk County, MA",25021.0,76.0,10336.0
462,"Plymouth County, MA",25023.0,108.0,15711.0
463,"Suffolk County, MA",25025.0,467.0,54841.0
464,"Worcester County, MA",25027.0,151.0,13294.0
465,"Berrien County, MI",26021.0,149.0,9474.0
466,"Calhoun County, MI",26025.0,81.0,5705.0
467,"Eaton County, MI",26045.0,24.0,1909.0
468,"Genesee County, MI",26049.0,513.0,29296.0
469,"Ingham County, MI",26065.0,167.0,13091.0
470,"Jackson County, MI",26075.0,70.0,4720.0
471,"Kalamazoo County, MI",26077.0,160.0,11593.0
472,"Kent County, MI",26081.0,334.0,24686.0
473,"Macomb County, MI",26099.0,246.0,20004.0
474,"Monroe County, MI",26115.0,16.0,1343.0
475,"Muskegon County, MI",26121.0,119.0,8970.0
476,"Oakland County, MI",26125.0,563.0,37065.0
477,"Ottawa County, MI",26139.0,13.0,1766.0
478,"Saginaw County, MI",26145.0,213.0,13122.0
479,"St. Clair County, MI",26147.0,22.0,1854.0
480,"St. Joseph County, MI",26149.0,15.0,954.0
481,"Van Buren County, MI",26159.0,16.0,1202.0
482,"Washtenaw County, MI",26161.0,157.0,13085.0
483,"Wayne County, MI",26163.0,3377.0,212522.0
484,"Anoka County, MN",27003.0,51.0,6564.0
485,"Blue Earth County, MN",27013.0,11.0,884.0
486,"Dakota County, MN",27037.0,81.0,9568.0
487,"Hennepin County, MN",27053.0,592.0,65062.0
488,"Olmsted County, MN",27109.0,25.0,3764.0
489,"Ramsey County, MN",27123.0,277.0,28100.0
490,"Rice County, MN",27131.0,11.0,834.0
491,"St. Louis County, MN",27137.0,17.0,1483.0
492,"Scott County, MN",27139.0,13.0,1510.0
493,"Stearns County, MN",27145.0,29.0,2403.0
494,"Washington County, MN",27163.0,20.0,3353.0
495,"Adams County, MS",28001.0,68.0,4878.0
496,"Alcorn County, MS",28003.0,27.0,1390.0
497,"Amite County, MS",28005.0,18.0,1425.0
498,"Attala County, MS",28007.0,35.0,2291.0
499,"Benton County, MS",28009.0,10.0,818.0
500,"Bolivar County, MS",28011.0,104.0,7341.0
501,"Calhoun County, MS",28013.0,20.0,1164.0
502,"Chickasaw County, MS",28017.0,33.0,2257.0
503,"Choctaw County, MS",28019.0,19.0,775.0
504,"Claiborne County, MS",28021.0,30.0,2291.0
505,"Clarke County, MS",28023.0,24.0,1445.0
506,"Clay County, MS",28025.0,61.0,3319.0
507,"Coahoma County, MS",28027.0,114.0,7215.0
508,"Copiah County, MS",28029.0,71.0,4404.0
509,"Covington County, MS",28031.0,34.0,2134.0
510,"DeSoto County, MS",28033.0,97.0,7677.0
511,"Forrest County, MS",28035.0,136.0,8476.0
512,"Franklin County, MS",28037.0,13.0,769.0
513,"Grenada County, MS",28043.0,44.0,2395.0
514,"Harrison County, MS",28047.0,195.0,14689.0
515,"Hinds County, MS",28049.0,702.0,48598.0
516,"Holmes County, MS",28051.0,76.0,5436.0
517,"Humphreys County, MS",28053.0,44.0,2521.0
518,"Jackson County, MS",28059.0,96.0,8246.0
519,"Jasper County, MS",28061.0,32.0,2374.0
520,"Jefferson County, MS",28063.0,31.0,1886.0
521,"Jefferson Davis County, MS",28065.0,24.0,1951.0
522,"Jones County, MS",28067.0,84.0,6399.0
523,"Kemper County, MS",28069.0,20.0,1482.0
524,"Lafayette County, MS",28071.0,46.0,2997.0
525,"Lamar County, MS",28073.0,28.0,3004.0
526,"Lauderdale County, MS",28075.0,150.0,9802.0
527,"Lawrence County, MS",28077.0,20.0,1092.0
528,"Leake County, MS",28079.0,29.0,2359.0
529,"Lee County, MS",28081.0,124.0,7049.0
530,"Leflore County, MS",28083.0,107.0,7362.0
531,"Lincoln County, MS",28085.0,37.0,2811.0
532,"Lowndes County, MS",28087.0,105.0,7388.0
533,"Madison County, MS",28089.0,136.0,9856.0
534,"Marion County, MS",28091.0,39.0,2481.0
535,"Marshall County, MS",28093.0,52.0,4348.0
536,"Monroe County, MS",28095.0,38.0,2976.0
537,"Montgomery County, MS",28097.0,30.0,1489.0
538,"Neshoba County, MS",28099.0,24.0,1882.0
539,"Newton County, MS",28101.0,32.0,1812.0
540,"Noxubee County, MS",28103.0,50.0,2395.0
541,"Oktibbeha County, MS",28105.0,71.0,4537.0
542,"Panola County, MS",28107.0,78.0,5550.0
543,"Pearl River County, MS",28109.0,32.0,1898.0
544,"Perry County, MS",28111.0,14.0,658.0
545,"Pike County, MS",28113.0,91.0,6604.0
546,"Pontotoc County, MS",28115.0,12.0,1144.0
547,"Quitman County, MS",28119.0,27.0,1781.0
548,"Rankin County, MS",28121.0,75.0,6180.0
549,"Scott County, MS",28123.0,52.0,3386.0
550,"Sharkey County, MS",28125.0,11.0,1247.0
551,"Simpson County, MS",28127.0,48.0,2678.0
552,"Smith County, MS",28129.0,17.0,1145.0
553,"Stone County, MS",28131.0,15.0,833.0
554,"Sunflower County, MS",28133.0,98.0,6298.0
555,"Tallahatchie County, MS",28135.0,38.0,2507.0
556,"Tate County, MS",28137.0,30.0,2345.0
557,"Tippah County, MS",28139.0,10.0,1004.0
558,"Tunica County, MS",28143.0,51.0,2843.0
559,"Union County, MS",28145.0,17.0,1210.0
560,"Walthall County, MS",28147.0,27.0,2134.0
561,"Warren County, MS",28149.0,77.0,7024.0
562,"Washington County, MS",28151.0,169.0,12136.0
563,"Wayne County, MS",28153.0,29.0,2554.0
564,"Webster County, MS",28155.0,16.0,572.0
565,"Wilkinson County, MS",28157.0,19.0,1762.0
566,"Winston County, MS",28159.0,39.0,2581.0
567,"Yalobusha County, MS",28161.0,17.0,1371.0
568,"Yazoo County, MS",28163.0,65.0,4951.0
569,"Boone County, MO",29019.0,65.0,5795.0
570,"Buchanan County, MO",29021.0,22.0,1897.0
571,"Butler County, MO",29023.0,20.0,1056.0
572,"Cape Girardeau County, MO",29031.0,27.0,2384.0
573,"Cass County, MO",29037.0,13.0,881.0
574,"Clay County, MO",29047.0,31.0,4328.0
575,"Cole County, MO",29051.0,36.0,2811.0
576,"Dunklin County, MO",29069.0,26.0,1536.0
577,"Greene County, MO",29077.0,51.0,3768.0
578,"Jackson County, MO",29095.0,629.0,53108.0
579,"Jefferson County, MO",29099.0,10.0,894.0
580,"Mississippi County, MO",29133.0,12.0,1025.0
581,"New Madrid County, MO",29143.0,18.0,1061.0
582,"Pemiscot County, MO",29155.0,40.0,2342.0
583,"Platte County, MO",29165.0,13.0,1786.0
584,"Pulaski County, MO",29169.0,24.0,1863.0
585,"St. Charles County, MO",29183.0,53.0,4466.0
586,"St. Louis County, MO",29189.0,956.0,63525.0
587,"Scott County, MO",29201.0,29.0,1875.0
588,"St. Louis city, MO",29510.0,819.0,51278.0
589,"Douglas County, NE",31055.0,309.0,24430.0
590,"Lancaster County, NE",31109.0,44.0,5654.0
591,"Sarpy County, NE",31153.0,16.0,3041.0
592,"Clark County, NV",32003.0,742.0,69013.0
593,"Washoe County, NV",32031.0,45.0,4528.0
594,"Hillsborough County, NH",33011.0,28.0,3946.0
595,"Strafford County, NH",33017.0,10.0,734.0
596,"Atlantic County, NJ",34001.0,221.0,14112.0
597,"Bergen County, NJ",34003.0,103.0,14120.0
598,"Burlington County, NJ",34005.0,168.0,17515.0
599,"Camden County, NJ",34007.0,513.0,30756.0
600,"Cape May County, NJ",34009.0,28.0,1598.0
601,"Cumberland County, NJ",34011.0,136.0,9297.0
602,"Essex County, NJ",34013.0,1079.0,93366.0
603,"Gloucester County, NJ",34015.0,96.0,7304.0
604,"Hudson County, NJ",34017.0,314.0,32379.0
605,"Mercer County, NJ",34021.0,333.0,21393.0
606,"Middlesex County, NJ",34023.0,177.0,24017.0
607,"Monmouth County, NJ",34025.0,133.0,12513.0
608,"Morris County, NJ",34027.0,28.0,3368.0
609,"Ocean County, NJ",34029.0,52.0,5369.0
610,"Passaic County, NJ",34031.0,190.0,27039.0
611,"Salem County, NJ",34033.0,37.0,2755.0
612,"Somerset County, NJ",34035.0,59.0,7470.0
613,"Union County, NJ",34039.0,294.0,30956.0
614,"Warren County, NJ",34041.0,20.0,1024.0
615,"Bernalillo County, NM",35001.0,62.0,8235.0
616,"Curry County, NM",35009.0,18.0,1628.0
617,"Dona Ana County, NM",35013.0,13.0,1485.0
618,"Otero County, NM",35035.0,12.0,1189.0
619,"Albany County, NY",36001.0,205.0,12860.0
620,"Bronx County, NY",36005.0,1198.0,187554.0
621,"Broome County, NY",36007.0,42.0,4030.0
622,"Cayuga County, NY",36011.0,10.0,850.0
623,"Chemung County, NY",36015.0,16.0,1877.0
624,"Columbia County, NY",36021.0,16.0,1016.0
625,"Dutchess County, NY",36027.0,78.0,7521.0
626,"Erie County, NY",36029.0,592.0,38532.0
627,"Jefferson County, NY",36045.0,40.0,3488.0
628,"Kings County, NY",36047.0,2065.0,240509.0
629,"Monroe County, NY",36055.0,500.0,38078.0
630,"Nassau County, NY",36059.0,386.0,35150.0
631,"New York County, NY",36061.0,542.0,76182.0
632,"Niagara County, NY",36063.0,89.0,5351.0
633,"Oneida County, NY",36065.0,81.0,5494.0
634,"Onondaga County, NY",36067.0,271.0,20510.0
635,"Orange County, NY",36071.0,116.0,10486.0
636,"Queens County, NY",36081.0,1018.0,114694.0
637,"Rensselaer County, NY",36083.0,47.0,4108.0
638,"Richmond County, NY",36085.0,154.0,16176.0
639,"Rockland County, NY",36087.0,76.0,9484.0
640,"Schenectady County, NY",36093.0,76.0,6261.0
641,"Suffolk County, NY",36103.0,286.0,31688.0
642,"Sullivan County, NY",36105.0,18.0,2038.0
643,"Ulster County, NY",36111.0,35.0,3317.0
644,"Wayne County, NY",36117.0,10.0,1108.0
645,"Westchester County, NY",36119.0,352.0,34998.0
646,"Alamance County, NC",37001.0,120.0,7513.0
647,"Anson County, NC",37007.0,48.0,3076.0
648,"Beaufort County, NC",37013.0,46.0,3481.0
649,"Bertie County, NC",37015.0,51.0,2800.0
650,"Bladen County, NC",37017.0,47.0,2617.0
651,"Brunswick County, NC",37019.0,26.0,2750.0
652,"Buncombe County, NC",37021.0,68.0,4883.0
653,"Burke County, NC",37023.0,11.0,1172.0
654,"Cabarrus County, NC",37025.0,79.0,7196.0
655,"Caldwell County, NC",37027.0,12.0,1127.0
656,"Carteret County, NC",37031.0,17.0,1207.0
657,"Caswell County, NC",37033.0,16.0,1274.0
658,"Catawba County, NC",37035.0,58.0,4042.0
659,"Chatham County, NC",37037.0,17.0,1569.0
660,"Chowan County, NC",37041.0,15.0,1364.0
661,"Cleveland County, NC",37045.0,89.0,5745.0
662,"Columbus County, NC",37047.0,74.0,4283.0
663,"Craven County, NC",37049.0,85.0,6909.0
664,"Cumberland County, NC",37051.0,580.0,38043.0
665,"Davidson County, NC",37057.0,53.0,3732.0
666,"Duplin County, NC",37061.0,46.0,3477.0
667,"Durham County, NC",37063.0,343.0,26996.0
668,"Edgecombe County, NC",37065.0,115.0,8104.0
669,"Forsyth County, NC",37067.0,399.0,24815.0
670,"Franklin County, NC",37069.0,51.0,3435.0
671,"Gaston County, NC",37071.0,140.0,9026.0
672,"Granville County, NC",37077.0,31.0,3424.0
673,"Greene County, NC",37079.0,28.0,1769.0
674,"Guilford County, NC",37081.0,605.0,42258.0
675,"Halifax County, NC",37083.0,110.0,6977.0
676,"Harnett County, NC",37085.0,109.0,6797.0
677,"Hertford County, NC",37091.0,66.0,3221.0
678,"Hoke County, NC",37093.0,51.0,4449.0
679,"Iredell County, NC",37097.0,86.0,5416.0
680,"Johnston County, NC",37101.0,83.0,6686.0
681,"Jones County, NC",37103.0,12.0,582.0
682,"Lee County, NC",37105.0,39.0,3474.0
683,"Lenoir County, NC",37107.0,93.0,6047.0
684,"Lincoln County, NC",37109.0,26.0,1091.0
685,"Martin County, NC",37117.0,27.0,2354.0
686,"Mecklenburg County, NC",37119.0,919.0,76836.0
687,"Montgomery County, NC",37123.0,27.0,1376.0
688,"Moore County, NC",37125.0,39.0,3268.0
689,"Nash County, NC",37127.0,136.0,8590.0
690,"New Hanover County, NC",37129.0,73.0,8901.0
691,"Northampton County, NC",37131.0,46.0,2723.0
692,"Onslow County, NC",37133.0,162.0,11726.0
693,"Orange County, NC",37135.0,47.0,3701.0
694,"Pasquotank County, NC",37139.0,51.0,3706.0
695,"Pender County, NC",37141.0,31.0,1992.0
696,"Perquimans County, NC",37143.0,13.0,633.0
697,"Person County, NC",37145.0,46.0,2522.0
698,"Pitt County, NC",37147.0,279.0,16412.0
699,"Randolph County, NC",37151.0,25.0,2287.0
700,"Richmond County, NC",37153.0,64.0,3772.0
701,"Robeson County, NC",37155.0,144.0,8550.0
702,"Rockingham County, NC",37157.0,57.0,3802.0
703,"Rowan County, NC",37159.0,66.0,5948.0
704,"Rutherford County, NC",37161.0,28.0,1895.0
705,"Sampson County, NC",37163.0,64.0,4419.0
706,"Scotland County, NC",37165.0,50.0,3968.0
707,"Stanly County, NC",37167.0,38.0,1922.0
708,"Union County, NC",37179.0,84.0,6298.0
709,"Vance County, NC",37181.0,97.0,6338.0
710,"Wake County, NC",37183.0,657.0,48671.0
711,"Warren County, NC",37185.0,30.0,2403.0
712,"Washington County, NC",37187.0,19.0,1775.0
713,"Wayne County, NC",37191.0,169.0,10700.0
714,"Wilkes County, NC",37193.0,12.0,742.0
715,"Wilson County, NC",37195.0,122.0,8231.0
716,"Cass County, ND",38017.0,16.0,2389.0
717,"Ward County, ND",38101.0,15.0,1095.0
718,"Allen County, OH",39003.0,76.0,5157.0
719,"Ashtabula County, OH",39007.0,21.0,1412.0
720,"Belmont County, OH",39013.0,11.0,622.0
721,"Butler County, OH",39017.0,108.0,9305.0
722,"Clark County, OH",39023.0,51.0,4886.0
723,"Cuyahoga County, OH",39035.0,1800.0,109262.0
724,"Delaware County, OH",39041.0,10.0,1551.0
725,"Erie County, OH",39043.0,30.0,2709.0
726,"Fairfield County, OH",39045.0,12.0,2126.0
727,"Franklin County, OH",39049.0,1320.0,92699.0
728,"Greene County, OH",39057.0,30.0,2902.0
729,"Hamilton County, OH",39061.0,1214.0,68700.0
730,"Jefferson County, OH",39081.0,21.0,1356.0
731,"Lake County, OH",39085.0,32.0,2677.0
732,"Licking County, OH",39089.0,19.0,1878.0
733,"Lorain County, OH",39093.0,117.0,10158.0
734,"Lucas County, OH",39095.0,390.0,29379.0
735,"Mahoning County, OH",39099.0,191.0,12717.0
736,"Medina County, OH",39103.0,10.0,854.0
737,"Montgomery County, OH",39113.0,460.0,35887.0
738,"Muskingum County, OH",39119.0,17.0,1544.0
739,"Portage County, OH",39133.0,17.0,1979.0
740,"Richland County, OH",39139.0,36.0,3367.0
741,"Ross County, OH",39141.0,16.0,994.0
742,"Sandusky County, OH",39143.0,11.0,1058.0
743,"Stark County, OH",39151.0,169.0,11339.0
744,"Summit County, OH",39153.0,339.0,25495.0
745,"Trumbull County, OH",39155.0,78.0,5721.0
746,"Warren County, OH",39165.0,17.0,1409.0
747,"Wayne County, OH",39169.0,12.0,805.0
748,"Wood County, OH",39173.0,12.0,864.0
749,"Cleveland County, OK",40027.0,29.0,3672.0
750,"Comanche County, OK",40031.0,106.0,8039.0
751,"Jackson County, OK",40065.0,11.0,806.0
752,"Logan County, OK",40083.0,10.0,739.0
753,"McCurtain County, OK",40089.0,11.0,1120.0
754,"Muskogee County, OK",40101.0,22.0,2712.0
755,"Oklahoma County, OK",40109.0,596.0,41582.0
756,"Okmulgee County, OK",40111.0,17.0,1207.0
757,"Pottawatomie County, OK",40125.0,10.0,938.0
758,"Tulsa County, OK",40143.0,372.0,25695.0
759,"Wagoner County, OK",40145.0,12.0,1055.0
760,"Lane County, OR",41039.0,10.0,1753.0
761,"Marion County, OR",41047.0,13.0,1818.0
762,"Multnomah County, OR",41051.0,147.0,16639.0
763,"Washington County, OR",41067.0,28.0,4234.0
764,"Allegheny County, PA",42003.0,803.0,50672.0
765,"Beaver County, PA",42007.0,40.0,3991.0
766,"Berks County, PA",42011.0,104.0,9569.0
767,"Blair County, PA",42013.0,12.0,994.0
768,"Bucks County, PA",42017.0,64.0,7790.0
769,"Cambria County, PA",42021.0,26.0,1815.0
770,"Chester County, PA",42029.0,98.0,8474.0
771,"Cumberland County, PA",42041.0,27.0,2459.0
772,"Dauphin County, PA",42043.0,191.0,17443.0
773,"Delaware County, PA",42045.0,460.0,33156.0
774,"Erie County, PA",42049.0,133.0,9468.0
775,"Fayette County, PA",42051.0,30.0,1868.0
776,"Franklin County, PA",42055.0,12.0,2079.0
777,"Lackawanna County, PA",42069.0,39.0,2704.0
778,"Lancaster County, PA",42071.0,66.0,9825.0
779,"Lawrence County, PA",42073.0,16.0,1613.0
780,"Lebanon County, PA",42075.0,13.0,1321.0
781,"Lehigh County, PA",42077.0,99.0,10426.0
782,"Luzerne County, PA",42079.0,58.0,4333.0
783,"Lycoming County, PA",42081.0,35.0,2270.0
784,"Mercer County, PA",42085.0,35.0,2082.0
785,"Monroe County, PA",42089.0,50.0,5033.0
786,"Montgomery County, PA",42091.0,226.0,17823.0
787,"Northampton County, PA",42095.0,48.0,5281.0
788,"Philadelphia County, PA",42101.0,2917.0,210725.0
789,"Washington County, PA",42125.0,17.0,2179.0
790,"Westmoreland County, PA",42129.0,26.0,3070.0
791,"York County, PA",42133.0,104.0,9623.0
792,"Newport County, RI",44005.0,12.0,1400.0
793,"Providence County, RI",44007.0,229.0,23899.0
794,"Abbeville County, SC",45001.0,50.0,1707.0
795,"Aiken County, SC",45003.0,125.0,10817.0
796,"Allendale County, SC",45005.0,32.0,1880.0
797,"Anderson County, SC",45007.0,141.0,8815.0
798,"Bamberg County, SC",45009.0,27.0,2288.0
799,"Barnwell County, SC",45011.0,42.0,2802.0
800,"Beaufort County, SC",45013.0,102.0,10064.0
801,"Berkeley County, SC",45015.0,144.0,11846.0
802,"Calhoun County, SC",45017.0,18.0,1543.0
803,"Charleston County, SC",45019.0,435.0,31581.0
804,"Cherokee County, SC",45021.0,37.0,3330.0
805,"Chester County, SC",45023.0,43.0,3644.0
806,"Chesterfield County, SC",45025.0,57.0,4270.0
807,"Clarendon County, SC",45027.0,46.0,3986.0
808,"Colleton County, SC",45029.0,56.0,4207.0
809,"Darlington County, SC",45031.0,102.0,7653.0
810,"Dillon County, SC",45033.0,46.0,4506.0
811,"Dorchester County, SC",45035.0,80.0,8778.0
812,"Edgefield County, SC",45037.0,28.0,1876.0
813,"Fairfield County, SC",45039.0,39.0,3363.0
814,"Florence County, SC",45041.0,288.0,15782.0
815,"Georgetown County, SC",45043.0,77.0,5375.0
816,"Greenville County, SC",45045.0,280.0,23502.0
817,"Greenwood County, SC",45047.0,105.0,6226.0
818,"Hampton County, SC",45049.0,35.0,2770.0
819,"Horry County, SC",45051.0,164.0,11187.0
820,"Jasper County, SC",45053.0,24.0,2877.0
821,"Kershaw County, SC",45055.0,31.0,3814.0
822,"Lancaster County, SC",45057.0,64.0,4871.0
823,"Laurens County, SC",45059.0,65.0,4748.0
824,"Lee County, SC",45061.0,41.0,3087.0
825,"Lexington County, SC",45063.0,125.0,11056.0
826,"McCormick County, SC",45065.0,19.0,986.0
827,"Marion County, SC",45067.0,91.0,5427.0
828,"Marlboro County, SC",45069.0,47.0,3586.0
829,"Newberry County, SC",45071.0,31.0,3450.0
830,"Oconee County, SC",45073.0,12.0,1606.0
831,"Orangeburg County, SC",45075.0,222.0,14893.0
832,"Pickens County, SC",45077.0,18.0,1892.0
833,"Richland County, SC",45079.0,508.0,45425.0
834,"Saluda County, SC",45081.0,21.0,1390.0
835,"Spartanburg County, SC",45083.0,176.0,16044.0
836,"Sumter County, SC",45085.0,164.0,14222.0
837,"Union County, SC",45087.0,18.0,2378.0
838,"Williamsburg County, SC",45089.0,90.0,5361.0
839,"York County, SC",45091.0,136.0,11378.0
840,"Minnehaha County, SD",46099.0,41.0,4022.0
841,"Bedford County, TN",47003.0,17.0,1218.0
842,"Blount County, TN",47009.0,14.0,1033.0
843,"Bradley County, TN",47011.0,11.0,1579.0
844,"Davidson County, TN",47037.0,692.0,53414.0
845,"Dyer County, TN",47045.0,36.0,1795.0
846,"Fayette County, TN",47047.0,26.0,2529.0
847,"Gibson County, TN",47053.0,38.0,2808.0
848,"Giles County, TN",47055.0,16.0,807.0
849,"Hamilton County, TN",47065.0,302.0,18315.0
850,"Hardeman County, TN",47069.0,36.0,2638.0
851,"Haywood County, TN",47075.0,46.0,2463.0
852,"Knox County, TN",47093.0,116.0,11402.0
853,"Lauderdale County, TN",47097.0,51.0,2622.0
854,"Lincoln County, TN",47103.0,11.0,691.0
855,"Madison County, TN",47113.0,158.0,10098.0
856,"Marshall County, TN",47117.0,13.0,552.0
857,"Maury County, TN",47119.0,38.0,2969.0
858,"Montgomery County, TN",47125.0,140.0,12005.0
859,"Obion County, TN",47131.0,14.0,955.0
860,"Robertson County, TN",47147.0,12.0,1515.0
861,"Rutherford County, TN",47149.0,79.0,9041.0
862,"Shelby County, TN",47157.0,2424.0,146804.0
863,"Sullivan County, TN",47163.0,12.0,1201.0
864,"Sumner County, TN",47165.0,27.0,3149.0
865,"Tipton County, TN",47167.0,43.0,2945.0
866,"Washington County, TN",47179.0,23.0,1592.0
867,"Wilson County, TN",47189.0,19.0,1897.0
868,"Anderson County, TX",48001.0,16.0,2221.0
869,"Angelina County, TX",48005.0,32.0,3720.0
870,"Bastrop County, TX",48021.0,16.0,1473.0
871,"Bell County, TX",48027.0,344.0,27873.0
872,"Bexar County, TX",48029.0,373.0,40454.0
873,"Bowie County, TX",48037.0,78.0,6623.0
874,"Brazoria County, TX",48039.0,74.0,8897.0
875,"Brazos County, TX",48041.0,55.0,6979.0
876,"Caldwell County, TX",48055.0,11.0,584.0
877,"Cass County, TX",48067.0,19.0,1474.0
878,"Cherokee County, TX",48073.0,27.0,2109.0
879,"Collin County, TX",48085.0,120.0,15872.0
880,"Colorado County, TX",48089.0,12.0,898.0
881,"Coryell County, TX",48099.0,36.0,3370.0
882,"Dallas County, TX",48113.0,1896.0,153246.0
883,"Denton County, TX",48121.0,123.0,14190.0
884,"Ector County, TX",48135.0,25.0,2636.0
885,"Ellis County, TX",48139.0,54.0,3292.0
886,"El Paso County, TX",48141.0,72.0,9864.0
887,"Falls County, TX",48145.0,18.0,1201.0
888,"Fort Bend County, TX",48157.0,210.0,27571.0
889,"Freestone County, TX",48161.0,15.0,661.0
890,"Galveston County, TX",48167.0,122.0,11514.0
891,"Grayson County, TX",48181.0,30.0,2453.0
892,"Gregg County, TX",48183.0,99.0,7618.0
893,"Grimes County, TX",48185.0,10.0,1000.0
894,"Guadalupe County, TX",48187.0,16.0,1820.0
895,"Harris County, TX",48201.0,2548.0,232092.0
896,"Harrison County, TX",48203.0,51.0,3555.0
897,"Hays County, TX",48209.0,13.0,1343.0
898,"Henderson County, TX",48213.0,23.0,1375.0
899,"Hidalgo County, TX",48215.0,10.0,2450.0
900,"Hill County, TX",48217.0,12.0,762.0
901,"Hunt County, TX",48231.0,26.0,2293.0
902,"Jasper County, TX",48241.0,20.0,1873.0
903,"Jefferson County, TX",48245.0,310.0,23851.0
904,"Johnson County, TX",48251.0,15.0,1161.0
905,"Kaufman County, TX",48257.0,30.0,2718.0
906,"Lamar County, TX",48277.0,11.0,2188.0
907,"Liberty County, TX",48291.0,24.0,1828.0
908,"Limestone County, TX",48293.0,11.0,1209.0
909,"Lubbock County, TX",48303.0,70.0,8078.0
910,"McLennan County, TX",48309.0,160.0,11680.0
911,"Matagorda County, TX",48321.0,15.0,1266.0
912,"Midland County, TX",48329.0,32.0,3244.0
913,"Milam County, TX",48331.0,10.0,811.0
914,"Montgomery County, TX",48339.0,54.0,5419.0
915,"Morris County, TX",48343.0,10.0,783.0
916,"Nacogdoches County, TX",48347.0,22.0,3540.0
917,"Navarro County, TX",48349.0,17.0,1980.0
918,"Nueces County, TX",48355.0,46.0,4796.0
919,"Orange County, TX",48361.0,25.0,2174.0
920,"Panola County, TX",48365.0,26.0,1049.0
921,"Polk County, TX",48373.0,10.0,1348.0
922,"Potter County, TX",48375.0,77.0,4873.0
923,"Randall County, TX",48381.0,18.0,1154.0
924,"Robertson County, TX",48395.0,11.0,1124.0
925,"Rusk County, TX",48401.0,34.0,1899.0
926,"Shelby County, TX",48419.0,18.0,1405.0
927,"Smith County, TX",48423.0,119.0,10374.0
928,"Tarrant County, TX",48439.0,1074.0,80487.0
929,"Taylor County, TX",48441.0,61.0,4189.0
930,"Titus County, TX",48449.0,12.0,990.0
931,"Tom Green County, TX",48451.0,21.0,1511.0
932,"Travis County, TX",48453.0,290.0,27385.0
933,"Trinity County, TX",48455.0,11.0,429.0
934,"Victoria County, TX",48469.0,11.0,1702.0
935,"Walker County, TX",48471.0,29.0,2765.0
936,"Waller County, TX",48473.0,24.0,2112.0
937,"Washington County, TX",48477.0,14.0,1735.0
938,"Wharton County, TX",48481.0,17.0,1661.0
939,"Wichita County, TX",48485.0,62.0,4253.0
940,"Williamson County, TX",48491.0,54.0,7303.0
941,"Davis County, UT",49011.0,11.0,1819.0
942,"Salt Lake County, UT",49035.0,66.0,9786.0
943,"Weber County, UT",49057.0,14.0,1729.0
944,"Accomack County, VA",51001.0,39.0,2848.0
945,"Albemarle County, VA",51003.0,21.0,2232.0
946,"Amherst County, VA",51009.0,11.0,1157.0
947,"Arlington County, VA",51013.0,32.0,4682.0
948,"Bedford County, VA",51019.0,11.0,862.0
949,"Brunswick County, VA",51025.0,26.0,1812.0
950,"Buckingham County, VA",51029.0,13.0,1092.0
951,"Campbell County, VA",51031.0,21.0,1543.0
952,"Caroline County, VA",51033.0,22.0,1657.0
953,"Chesterfield County, VA",51041.0,145.0,14187.0
954,"Culpeper County, VA",51047.0,23.0,1713.0
955,"Dinwiddie County, VA",51053.0,16.0,1385.0
956,"Essex County, VA",51057.0,12.0,990.0
957,"Fairfax County, VA",51059.0,222.0,28090.0
958,"Fauquier County, VA",51061.0,13.0,1198.0
959,"Fluvanna County, VA",51065.0,11.0,722.0
960,"Franklin County, VA",51067.0,13.0,967.0
961,"Halifax County, VA",51083.0,42.0,2797.0
962,"Hanover County, VA",51085.0,21.0,1706.0
963,"Henrico County, VA",51087.0,300.0,21272.0
964,"Henry County, VA",51089.0,39.0,2394.0
965,"Isle of Wight County, VA",51093.0,13.0,1731.0
966,"James City County, VA",51095.0,24.0,2062.0
967,"King William County, VA",51101.0,14.0,543.0
968,"Loudoun County, VA",51107.0,61.0,6205.0
969,"Louisa County, VA",51109.0,13.0,1116.0
970,"Lunenburg County, VA",51111.0,12.0,816.0
971,"Mecklenburg County, VA",51117.0,40.0,2539.0
972,"Northampton County, VA",51131.0,16.0,1176.0
973,"Nottoway County, VA",51135.0,26.0,1271.0
974,"Pittsylvania County, VA",51143.0,25.0,2452.0
975,"Prince Edward County, VA",51147.0,26.0,1766.0
976,"Prince George County, VA",51149.0,22.0,2249.0
977,"Prince William County, VA",51153.0,267.0,25465.0
978,"Roanoke County, VA",51161.0,10.0,1171.0
979,"Southampton County, VA",51175.0,13.0,1214.0
980,"Spotsylvania County, VA",51177.0,70.0,4507.0
981,"Stafford County, VA",51179.0,58.0,5405.0
982,"Sussex County, VA",51183.0,13.0,1060.0
983,"Westmoreland County, VA",51193.0,19.0,1219.0
984,"York County, VA",51199.0,13.0,1904.0
985,"Alexandria city, VA",51510.0,86.0,11004.0
986,"Charlottesville city, VA",51540.0,41.0,2678.0
987,"Chesapeake city, VA",51550.0,239.0,16406.0
988,"Danville city, VA",51590.0,94.0,6263.0
989,"Emporia city, VA",51595.0,13.0,925.0
990,"Fairfax city, VA",51600.0,12.0,410.0
991,"Franklin city, VA",51620.0,29.0,1432.0
992,"Fredericksburg city, VA",51630.0,36.0,2018.0
993,"Hampton city, VA",51650.0,227.0,17295.0
994,"Harrisonburg city, VA",51660.0,16.0,1115.0
995,"Hopewell city, VA",51670.0,50.0,3050.0
996,"Lynchburg city, VA",51680.0,98.0,6463.0
997,"Manassas city, VA",51683.0,21.0,1815.0
998,"Martinsville city, VA",51690.0,16.0,1655.0
999,"Newport News city, VA",51700.0,355.0,25871.0
1000,"Norfolk city, VA",51710.0,559.0,33679.0
1001,"Petersburg city, VA",51730.0,108.0,7031.0
1002,"Portsmouth city, VA",51740.0,257.0,15307.0
1003,"Richmond city, VA",51760.0,547.0,30894.0
1004,"Roanoke city, VA",51770.0,123.0,8141.0
1005,"Staunton city, VA",51790.0,11.0,766.0
1006,"Suffolk city, VA",51800.0,105.0,8960.0
1007,"Virginia Beach city, VA",51810.0,316.0,26963.0
1008,"Winchester city, VA",51840.0,11.0,1020.0
1009,"Clark County, WA",53011.0,11.0,4089.0
1010,"King County, WA",53033.0,367.0,46894.0
1011,"Kitsap County, WA",53035.0,36.0,3668.0
1012,"Pierce County, WA",53053.0,236.0,25281.0
1013,"Snohomish County, WA",53061.0,52.0,9179.0
1014,"Spokane County, WA",53063.0,35.0,4944.0
1015,"Thurston County, WA",53067.0,18.0,3027.0
1016,"Whatcom County, WA",53073.0,13.0,958.0
1017,"Yakima County, WA",53077.0,15.0,2397.0
1018,"Berkeley County, WV",54003.0,39.0,1961.0
1019,"Cabell County, WV",54011.0,28.0,1616.0
1020,"Kanawha County, WV",54039.0,49.0,4718.0
1021,"Mercer County, WV",54055.0,11.0,1362.0
1022,"Monongalia County, WV",54061.0,18.0,973.0
1023,"Raleigh County, WV",54081.0,25.0,1624.0
1024,"Brown County, WI",55009.0,37.0,3512.0
1025,"Dane County, WI",55025.0,129.0,11190.0
1026,"Kenosha County, WI",55059.0,53.0,4807.0
1027,"Milwaukee County, WI",55079.0,1491.0,93497.0
1028,"Outagamie County, WI",55087.0,12.0,1173.0
1029,"Racine County, WI",55101.0,154.0,8628.0
1030,"Rock County, WI",55105.0,46.0,3545.0
1031,"Waukesha County, WI",55133.0,13.0,1767.0
1032,"Winnebago County, WI",55139.0,18.0,1368.0
